action_type, correct_C, correct_D, correct_L, correct_O, correct_P, correct_T, p_confidence_C, p_confidence_D, p_confidence_L, p_confidence_O, p_confidence_P, p_confidence_T
optimal,[0.176 0.168 0.148 0.156 0.152 0.14  0.128 0.124 0.148 0.14  0.116 0.124 0.136 0.124 0.112 0.112 0.116 0.124 0.12  0.12 ],[0.2   0.176 0.232 0.22  0.276 0.292 0.32  0.316 0.324 0.356 0.34  0.36  0.372 0.376 0.408 0.42  0.44  0.444 0.42  0.404],[0.248 0.376 0.408 0.44  0.516 0.504 0.496 0.488 0.536 0.572 0.596 0.56  0.588 0.584 0.584 0.62  0.624 0.668 0.672 0.66 ],[0.232 0.18  0.188 0.16  0.192 0.18  0.136 0.16  0.144 0.172 0.168 0.16  0.16  0.18  0.184 0.184 0.18  0.196 0.192 0.18 ],[0.112 0.184 0.268 0.284 0.296 0.312 0.3   0.34  0.336 0.344 0.344 0.368 0.36  0.372 0.368 0.356 0.364 0.34  0.352 0.348],[0.184 0.188 0.224 0.204 0.2   0.184 0.208 0.208 0.22  0.224 0.212 0.216 0.22  0.232 0.224 0.24  0.244 0.252 0.268 0.268],[0.176 0.168 0.148 0.156 0.152 0.14  0.128 0.124 0.148 0.14  0.116 0.124 0.136 0.124 0.112 0.112 0.116 0.124 0.12  0.12 ],[0.2   0.174 0.232 0.22  0.276 0.292 0.32  0.316 0.324 0.356 0.34  0.36  0.372 0.376 0.408 0.42  0.44  0.444 0.42  0.404],[0.246 0.376 0.408 0.44  0.516 0.504 0.496 0.488 0.536 0.572 0.596 0.56  0.588 0.584 0.584 0.62  0.624 0.668 0.672 0.66 ],[0.22933 0.18    0.188   0.16    0.192   0.18    0.136   0.16    0.144   0.172   0.168   0.16    0.16    0.18    0.184   0.184   0.18    0.196   0.192   0.18   ],[0.10933 0.184   0.268   0.284   0.296   0.312   0.3     0.34    0.336   0.344   0.344   0.368   0.36    0.372   0.368   0.356   0.364   0.34    0.352   0.348  ],[0.182 0.184 0.224 0.204 0.2   0.184 0.208 0.208 0.22  0.224 0.212 0.216 0.22  0.232 0.224 0.24  0.244 0.252 0.268 0.268]
