action_type, correct_C, correct_D, correct_L, correct_O, correct_P, correct_T, p_confidence_C, p_confidence_D, p_confidence_L, p_confidence_O, p_confidence_P, p_confidence_T
optimal,[0.18  0.224 0.24  0.268 0.304 0.316 0.356 0.364 0.424 0.484 0.584 0.64  0.712 0.716 0.788 0.788 0.816 0.832 0.836 0.836],[0.204 0.244 0.316 0.36  0.364 0.408 0.464 0.504 0.504 0.556 0.624 0.648 0.736 0.752 0.772 0.772 0.824 0.84  0.848 0.848],[0.244 0.272 0.336 0.34  0.428 0.46  0.496 0.6   0.612 0.732 0.764 0.792 0.824 0.848 0.884 0.888 0.904 0.904 0.904 0.904],[0.236 0.256 0.272 0.324 0.356 0.4   0.44  0.508 0.516 0.552 0.576 0.64  0.732 0.748 0.78  0.82  0.824 0.828 0.836 0.836],[0.112 0.124 0.188 0.212 0.272 0.304 0.352 0.46  0.508 0.532 0.612 0.652 0.72  0.78  0.796 0.856 0.856 0.872 0.872 0.884],[0.184 0.184 0.204 0.276 0.316 0.336 0.36  0.416 0.5   0.584 0.676 0.716 0.752 0.752 0.804 0.824 0.828 0.852 0.852 0.852],[0.17733 0.224   0.24    0.268   0.304   0.316   0.356   0.364   0.424   0.484   0.584   0.64    0.712   0.716   0.788   0.788   0.816   0.832   0.836   0.836  ],[0.202 0.244 0.316 0.36  0.364 0.408 0.464 0.504 0.504 0.556 0.624 0.648 0.736 0.752 0.772 0.772 0.824 0.84  0.848 0.848],[0.244 0.272 0.336 0.34  0.428 0.46  0.496 0.6   0.612 0.732 0.764 0.792 0.824 0.848 0.884 0.888 0.904 0.904 0.904 0.904],[0.23133 0.256   0.272   0.324   0.356   0.4     0.44    0.508   0.516   0.552   0.576   0.64    0.732   0.748   0.78    0.82    0.824   0.828   0.836   0.836  ],[0.10933 0.124   0.188   0.212   0.272   0.304   0.352   0.46    0.508   0.532   0.612   0.652   0.72    0.78    0.796   0.856   0.856   0.872   0.872   0.884  ],[0.182 0.184 0.204 0.276 0.316 0.336 0.36  0.416 0.5   0.584 0.676 0.716 0.752 0.752 0.804 0.824 0.828 0.852 0.852 0.852]
